"municipality_id","municipality_name","population","rank"
14100,"ls",3753645,1
27100,"s",2741587,2
23100,"És",2294854,3
1100,"Dys",1959512,4
40130,"s",1581398,5
14130,"s",1524026,6
28100,"_ˎs",1510917,7
26100,"ss",1385190,8
11100,"܎s",1339333,9
34100,"Ls",1184731,10
4100,"s",1067486,11
12100,"ts",977016,12
40100,"kBs",929396,13
13112,"cJ",915439,14
27140,"s",821428,15
22130,"ls",792704,16
15100,"Vs",773914,17
13120,"n",738914,18
43100,"F{s",731476,19
13111,"c",728425,20
14150,"͌s",719118,21
33100,"Rs",702020,22
13121,"",690114,23
13123,"]ː",688153,24
22100,"És",683739,25
12204,"Ds",647037,26
11203,"s",604715,27
46201,"s",597834,28
13115,"",570786,29
13119,"",568241,30
13201,"qs",562145,31
13108,"]",532882,32
28201,"PHs",528459,33
9201,"Fs{s",517497,34
38201,"Rs",503865,35
12207,"ˎs",497120,36
12203,"ss",491577,37
28204,"{s",482796,38
27227,"s",480137,39
33202,"q~s",477799,40
44201,"啪s",476556,41
13122,"",464175,42
34207,"Rs",460684,43
28202,"s",458895,44
17201,"s",447181,45
14205,"s",445177,46
12217,"s",433733,47
13209,"cs",430831,48
37201,"s",422424,49
23211,"Lcs",417432,50
16201,"xRs",409075,51
27203,"Ls",407695,52
13109,"i",404196,53
21201,"򕌎s",402400,54
42201,"s",401195,55
45201,"{s",399576,56
27210,"s",396252,57
14201,"{s",388197,58
23202,"s",384422,59
27205,"cs",381316,60
23203,"{s",380201,61
23201,"Ls",370761,62
10202,"s",369314,63
20201,"s",368785,64
30201,"a̎Rs",359654,65
13117,"k",353732,66
11201,"zs",353183,67
29201,"ޗǎs",351418,68
27207,"Ύs",348530,69
13104,"Vh",346279,70
25201,"Îs",344552,71
11208,"s",344070,72
11222,"zJs",343866,73
13114,"",333593,74
10201,"Os",331771,75
1204,"s",324186,76
39201,"ms",319724,77
7203,"SRs",317486,78
47201,"ߔes",317030,79
7204,"킫s",310890,80
24202,"lss",309719,81
23206,"ts",308937,82
28203,"Ύs",305404,83
40203,"vĎs",302383,84
5201,"Hcs",300470,85
13116,"L",288704,86
27211,"؎s",284921,87
3201,"s",282960,88
13107,"nc",279985,89
13110,"ڍ",278635,90
24201,"Îs",272645,91
2201,"Xs",271544,92
7201,"s",270744,93
12219,"ss",270085,94
8201,"ˎs",270010,95
27212,"s",261998,96
13103,"`",261615,97
15202,"s",261287,98
13206,"{s",259924,99
28210,"Ðs",259884,100
18201,"s",257941,101
14203,"ˎs",256005,102
8220,"Ύs",252202,103
11221,"s",250966,104
35201,"֎s",250645,105
22210,"xms",249094,106
36201,"s",249040,107
14207,"s",246394,108
1202,"َs",244431,109
14213,"as",244421,110
42202,"ێs",240473,111
6201,"R`s",240441,112
13208,"zs",238505,113
20202,"{s",236447,114
11214,"ts",231726,115
28214,"ˎs",230788,116
11219,"s",230229,117
13105,"",229653,118
41201,"s",229427,119
13113,"aJ",229412,120
27215,"Qs",227544,121
14212,"؎s",223836,122
10205,"cs",222403,123
2203,"ˎs",221229,124
13118,"r",216814,125
10204,"ɐs",212128,126
34202,"s",209241,127
12220,"Rs",208401,128
13106,"䓌",207479,129
13229,"s",205876,130
12221,"s",204717,131
28207,"ɒOs",202539,132
32201,"]s",197843,133
13211,"s",196924,134
24207,"鎭s",196461,135
11202,"FJs",193132,136
34212,"Ls",190353,137
13204,"Os",189916,138
22203,"Îs",189632,139
27202,"ݘacs",189396,140
23212,"s",188843,141
35203,"Rs",188598,142
14206,"cs",187880,143
13212,"s",187254,144
23207,"Ls",186524,145
19201,"b{s",186393,146
13202,"s",185483,147
15222,"zs",184941,148
27219,"as",183761,149
31201,"s",183269,150
26204,"Fs",182144,151
14204,"qs",176460,152
12216,"Kus",174812,153
13102,"",174074,154
32203,"o_s",173835,155
12212,"qs",171460,156
23213,"s",170332,157
8202,"s",169785,158
12227,"Ys",169552,159
1213,"Ϗqs",168299,160
22211,"֓cs",167520,161
9208,"Rs",167277,162
11230,"Vs",165730,163
16202,"s",165714,164
2202,"OOs",164243,165
1207,"эLs",164014,166
45202,"ss",161605,167
1206,"Hs",160483,168
35202,"Fs",160353,169
14211,"`s",159646,170
21202,"_s",159280,171
24204,"s",159000,172
8221,"ЂȂs",156435,173
9203,"Ȗ؎s",155669,174
28217,"쐼s",155098,175
12208,"cs",153661,176
20203,"cs",153507,177
23210,"Js",152372,178
13213,"Rs",151814,179
38202,"s",151608,180
11232,"vs",150987,181
23219,"qs",150434,182
11215,"Rs",149360,183
13224,"s",148210,184
13203,"s",147964,185
31202,"Ďqs",146139,186
11225,"Ԏs",145718,187
21213,"es",145570,188
11227,"s",144062,189
47211,"s",142679,190
9202,"s",142510,191
11237,"Os",142410,192
22214,"}s",142387,193
27209,"s",142014,194
11224,"˓cs",141887,195
11218,"[Js",141681,196
8203,"yYs",141418,197
8204,"É͎s",140959,198
24205,"Ks",139563,199
27220,"ʎs",139128,200
14215,"CVs",138969,201
25206,"Îs",138336,202
35215,"s",138104,203
22212,"ĒÎs",137199,204
4202,"Ίs",136822,205
12206,"؍XÎs",136303,206
42204,"|s",134691,207
23220,"s",134281,208
14216,"Ԏs",131527,209
12222,"䑷qs",130964,210
12211,"cs",130944,211
13205,"~s",130274,212
34205,"s",130007,213
22207,"xm{s",129250,214
35208,"⍑s",128609,215
13214,"s",128238,216
23204,"ˎs",128122,217
47213,"܎s",125973,218
40205,"ђˎs",125753,219
4215,"s",125444,220
13210,"s",124756,221
46218,"s",124751,222
43202,"s",122625,223
24203,"ɐs",121770,224
6203,"߉s",120398,225
29205,"s",119985,226
1217,"]ʎs",119169,227
29209,"s",117946,228
27223,"^s",117937,229
11217,"s",117798,230
23205,"cs",117747,231
45203,"s",117563,232
27218,"哌s",117294,233
41202,"Îs",116972,234
27217,"s",116966,235
13222,"vĎs",116839,236
9213,"ߐ{s",116733,237
34213,"ss",116219,238
22213,"|s",115873,239
47208,"YYs",115702,240
38205,"Vls",115314,241
9204,"s",115088,242
25203,"ls",115009,243
13207,"s",114259,244
7202,"Îᏼs",114200,245
11245,"ӂݖs",114156,246
35206,"h{s",113927,247
44202,"ʕ{s",113735,248
23222,"Cs",113625,249
1208,"ks",113036,250
17210,"Rs",112916,251
11235,"xms",112839,252
40218,"ts",112765,253
25213,"ߍ]s",112586,254
11210,"{s",112179,255
25202,"Fs",111648,256
3215,"Bs",111632,257
37202,"ۋTs",111575,258
12231,"󐼎s",109953,259
3209,"֎s",109697,260
12224,"PJs",109564,261
27222,"Hgs",108961,262
1203,"Ms",108548,263
40202,"喴cs",108421,264
28219,"Ocs",108387,265
27214,"xcюs",108105,266
21204,"s",107278,267
22206,"Os",107204,268
40217,"}s",106442,269
17203,"s",106405,270
8217,"s",106011,271
38206,"s",105616,272
10203,"ːs",104647,273
40230,"s",103702,274
27204,"rcs",103074,275
40219,"s",102809,276
8227,"}s",101606,277
46203,"s",100767,278
21214,"s",100612,279
27216,"͓s",100484,280
47205,"Xps",100269,281
14214,"ɐs",99910,282
11239,"ˎs",99763,283
23217,"]s",99039,284
27213,"򍲖s",98545,285
42205,"呺s",98305,286
20217,"vs",98198,287
1224,"Ύs",97664,288
33203,"ÎRs",97645,289
6204,"cs",97395,290
20205,"ѓcs",97322,291
40220,"@s",97319,292
20220,"ܖs",96605,293
22209,"cs",96496,294
12228,"lXs",96226,295
28206,"s",95378,296
8232,"_s",94710,297
9205,"s",94606,298
15206,"Vcs",94098,299
23230,"is",93774,300
13225,"s",93421,301
15204,"Os",93403,302
23223,"{s",92828,303
3205,"Ԋs",92385,304
11234,"s",92365,305
46215,"Fs",92248,306
3206,"ks",92056,307
16211,"ːs",91450,308
11212,"Rs",90651,309
18210,"s",89369,310
34204,"Os",89154,311
25209,"bs",89038,312
23237,"܎s",88787,313
22216,"܈s",88562,314
28216,"s",88166,315
12210,"Όs",87358,316
24216,"ɉs",87168,317
26206,"Ts",87090,318
27224,"ےÎs",86457,319
23234,"kÉs",86271,320
25207,"Rs",85619,321
21205,"֎s",85537,322
22215,"as",85267,323
13220,"as",84870,324
14218,"s",84376,325
21203,"Rs",84338,326
5203,"s",84294,327
8219,"vs",84293,328
23224,"ms",84002,329
23226,"s",83986,330
11229,"as",83962,331
29203,"aSRs",83891,332
38213,"ls",83426,333
27208,"Lˎs",83156,334
44203,"Îs",83101,335
13219,"]s",82749,336
25204,"ߍ]s",82025,337
26209,"s",81946,338
12225,"NÎs",81176,339
18209,"zOs",80726,340
26214,"ؒÐs",80109,341
13228,"s",79807,342
4207,"s",79630,343
9209,"^s",79391,344
15205,"s",78901,345
29210,"Ŏs",78782,346
11206,"scs",78741,347
23214,"Ss",78666,348
11209,"є\s",78445,349
1205,"s",78252,350
26202,"ߎs",78194,351
46225,"ǎs",78077,352
28209,"Ls",77758,353
9206,"s",77546,354
11211,"{s",77526,355
15213,"s",77401,356
27230,"s",77363,357
6202,"đs",77232,358
1210,"〈s",76753,359
19210,"bs",76598,360
5212,"s",76537,361
11228,"u؎s",76416,362
24208,"s",76190,363
13215,"s",76168,364
26201,"mRs",76075,365
8208,"Ps",75813,366
21206,"Ðs",75401,367
11223,"ns",75282,368
43215,"Vs",75101,369
28215,"O؎s",74872,370
4212,"oĎs",74795,371
13221,"s",74702,372
11231,"s",74680,373
7207,"{s",74634,374
26207,"zs",74591,375
41203,"s",74537,376
10207,"ٗюs",74427,377
28229,"̎s",74081,378
10208,"as",73968,379
8216,"}Ԏs",73787,380
27206,"Îs",73282,381
11243,"gs",73001,382
5210,"R{s",72753,383
23215,"Rs",72733,384
23209,"ɓs",72645,385
40213,"ss",72635,386
23225,"ms",72030,387
12236,"s",71868,388
8205,"Ήs",71817,389
19208,"AvXs",71631,390
40221,"ɕ{s",71542,391
26211,"cӎs",71367,392
13223,"Rs",71296,393
25208,"Is",70578,394
8224,"Js",70414,395
11241,"߃s",70190,396
1231,"bs",70179,397
38203,"Fas",70019,398
36204,"s",69954,399
30206,"cӎs",69716,400
33208,"Ўs",69678,401
26210,"s",69469,402
9210,"cs",69455,403
23233,"{s",69194,404
18207,"I]s",68863,405
40224,"Îs",68481,406
23229,"Ls",68325,407
5204,"َs",68083,408
13101,"c",67911,409
19211,"Js",67641,410
12230,"Xs",67396,411
27221,"s",67226,412
44205,"s",67126,413
21209,"Hs",67076,414
22208,"ɓs",66286,415
8222,"s",66274,416
20215,"Ks",66118,417
20209,"ɓߎs",66016,418
47212,"Ls",65954,419
11233,"k{s",65751,420
12229,"PYs",65659,421
43216,"us",64474,422
47209,"s",64290,423
43206,"ʖs",64066,424
18202,"։s",63662,425
17206,"s",63486,426
12215,"s",63379,427
27226,"䎛s",63336,428
4213,"Is",63299,429
40207,"s",63182,430
10209,"s",62884,431
12232,"s",62845,432
29202,"acs",62845,433
47210,"s",62569,434
37208,"OLs",62258,435
4209,"s",62204,436
29204,"Vs",62081,437
44204,"cs",62080,438
28223,"Ogs",61717,439
23232,"s",61618,440
8211,"푍s",61562,441
23236,"݂悵s",61485,442
11238,"@cs",61211,443
6210,"Vs",61052,444
23238,"vs",60985,445
40210,"s",60943,446
23208,"Ós",60623,447
30203,"{s",60295,448
35216,"Rzcs",60209,449
9216,"s",60140,450
30208,"I̐s",59981,451
40216,"Ss",59760,452
27228,"s",59635,453
23231,"cs",59596,454
20218,"Ȏs",59529,455
45206,"s",59390,456
11207,"s",59244,457
40223,"És",59234,458
2206,"\acs",59024,459
14208,"qs",58959,460
4205,"Cs",58926,461
7205,"͎s",58743,462
23216,"튊s",58452,463
22221,"ΐs",58400,464
27231,"㋷Rs",58292,465
1235,"Ύs",57954,466
37205,"ωs",57738,467
43213,"Fs",57562,468
7213,"ɒBs",57558,469
7212,"쑊ns",57527,470
1234,"kLs",57351,471
12213,"s",57268,472
21211,"ZΎs",57220,473
35207,"s",57120,474
27225,"Ύs",56992,475
26208,"s",56794,476
12202,"qs",56373,477
13218,"s",56201,478
21216,"s",55985,479
15212,"s",55919,480
21212,"ys",55842,481
33204,"ʖs",55721,482
40204,"s",55655,483
47214,"{Ós",55562,484
29206,"s",55508,485
3216,"s",55273,486
10211,"s",55245,487
27229,"ls",54765,488
36202,"s",54746,489
20214,"s",54637,490
11242,"s",54615,491
25211,"Γs",54601,492
13227,"Hs",54504,493
30209,"os",54215,494
17212,"Xss",54130,495
15226,"싛s",53962,496
11216,"Hs",53951,497
2208,"ނs",53884,498
8226,"߉ώs",53839,499
44211,"Fs",53395,500
8235,"΂݂炢s",53004,501
34302,"|S{",52891,502
11246,"s",52748,503
41205,"ɖs",52721,504
8228,"Ⓦs",52639,505
4203,"}s",52474,506
4216,"xJs",52399,507
46208,"os",52191,508
7210,"{s",52162,509
26212,"Os",51981,510
2205,"܏쌴s",51637,511
27232,"s",51579,512
37203,"os",50931,513
40228,"qs",50903,514
25210,"Fs",50711,515
32202,"lcs",50681,516
15224,"ns",50651,517
43204,"rs",50415,518
8207,"s",50349,519
23442,"mSY",50283,520
40231,"߉ϐs",49994,521
45204,"s",49989,522
22220,"s",49779,523
20207,"{s",49776,524
17211,"\s",49708,525
34209,"Os",49557,526
47207,"Ί_s",49530,527
24210,"TRs",49503,528
35210,"s",49461,529
10212,"݂ǂs",49423,530
11240,"Ks",49404,531
12233,"xs",49404,532
40211,"}s",49403,533
43208,"Rs",49397,534
5202,"\s",49353,535
17202,"s",49259,536
8236,"ʎs",49224,537
15210,"\s",49172,538
8443,"~S",49161,539
23227,"ls",49154,540
12237,"Rs",49103,541
14321,"S쒬",49063,542
40349,"S",48933,543
12239,"Ԕs",48417,544
20206,"zKs",48385,545
8212,"헤cs",48222,546
3202,"{Îs",48038,547
6211,"s",47982,548
30202,"Cs",47910,549
23228,"qs",47821,550
16210,"vs",47778,551
22224,"es",47738,552
41206,"Ys",47705,553
20204,"Js",47691,554
21210,"bߎs",47564,555
28218,"s",47451,556
16208,"vgs",47347,557
19202,"xmgcs",47298,558
15218,"ܐs",47274,559
22225,"ɓ̍s",47261,560
8234,"gcs",47181,561
43210,"ers",47103,562
46216,"us",46992,563
40343,"Suƒ",46560,564
10210,"xs",46427,565
25212,"s",46394,566
39204,"썑s",46328,567
24215,"us",46159,568
19209,"kms",45984,569
47215,"s",45928,570
37206,"ʂs",45822,571
40206,"cs",45704,572
33205,"}s",45534,573
28212,"ԕs",45440,574
10206,"cs",45305,575
1230,"oʎs",45226,576
11301,"kSɓޒ",45221,577
28224,"삠킶s",45193,578
7208,"쑽s",45078,579
31203,"qgs",44969,580
24214,"Ȃ׎s",44797,581
12205,"َRs",44677,582
1236,"kls",44366,583
41208,"s",44365,584
32204,"vcs",44355,585
11464,"kS˒",44168,586
16205,"Xs",44076,587
9214,"s",43984,588
23235,"xs",43861,589
23221,"Vs",43812,590
23302,"mS",43784,591
43404,"erSez",43714,592
35204,"s",43685,593
4211,"s",43656,594
45205,"юs",43554,595
22342,"xS",43553,596
22226,"qVs",43497,597
33213,"Ԕ֎s",43392,598
23447,"mSL",43363,599
1631,"͓SX",43268,600
42203,"s",43169,601
20211,"s",43030,602
27361,"SF撬",43013,603
33214,"^s",42586,604
42214,"쓇s",42556,605
28226,"WHs",42437,606
8210,"Ȏs",42419,607
23501,"zcSKc",42283,608
28220,"s",42265,609
47324,"SǒJ",42041,610
42213,"_s",41829,611
28205,"F{s",41826,612
12226,"xÎs",41773,613
10524,"WyS",41729,614
46222,"s",41670,615
20208,"s",41623,616
5207,"s",41479,617
8215,"ks",41448,618
14210,"OYs",41297,619
24341,"OdSԖ쒬",41283,620
14217,"쑫s",41057,621
47350,"KS앗",40642,622
8230,"݂s",40628,623
38207,"Fs",40580,624
42307,"ދnS^",40395,625
15223,"s",40353,626
6206,"͍]s",40086,627
16207,"s",40072,628
28221,"OgRs",39923,629
16204,"Îs",39919,630
40215,"Ԏs",39912,631
15216,"s",39772,632
28228,"s",39719,633
14401,"bS쒬",39601,634
8225,"헤{s",39370,635
21219,"Ss",39115,636
15211,"s",39045,637
8231,"s",39041,638
4214,"s",38919,639
36205,"gs",38872,640
28213,"es",38716,641
9361,"sSp",38600,642
46210,"whs",38487,643
8341,"߉όSC",38424,644
8229,"~s",38377,645
2207,"Os",38274,646
33207,"䌴s",38064,647
1225,"s",38062,648
29211,"s",37805,649
40621,"sSc",37767,650
25214,"Čs",37761,651
11324,"ԌSOF",37738,652
17361,"͖kSÔ",37508,653
23425,"CSI]",37144,654
40341,"SF",37119,655
22325,"cS쒬",37042,656
4323,"ēcSēc",36972,657
26366,"ySؒ",36790,658
34208,"{s",36563,659
33212,"˓s",36525,660
43211,"Fys",36483,661
32206,"s",36391,662
44206,"Pns",36137,663
21208,"Qs",36105,664
43403,"erSÒ",36030,665
10464,"gSʑ",35980,666
4406,"{S{",35960,667
17209,"قs",35931,668
12238,"ݎs",35896,669
36203,"s",35894,670
38210,"ɗ\s",35805,671
32209,"_s",35738,672
47329,"S",35728,673
12234,"[s",35593,674
36403,"SZ",35579,675
40227,"Ös",35532,676
40229,"݂܎s",35481,677
36206,"gs",35315,678
28227,"s",35309,679
29426,"kSL˒",35284,680
38214,"\s",35232,681
23362,"OHS}K",35026,682
42211,"ܓs",35025,683
28382,"ÌSd",34811,684
22205,"MCs",34433,685
12235,"xs",34338,686
7211,"cs",34264,687
28464,"KیSq",33773,688
15208,"Js",33722,689
15225,"s",33722,690
43443,"vSv钬",33718,691
46217,"]s",33600,692
3203,"Dns",33540,693
44213,"Rzs",33531,694
11442,"ʌS{㒬",33514,695
19205,"Rs",33511,696
40345,"SV{",33448,697
1211,"ԑs",33444,698
44212,"Ls",33415,699
33216,"s",33382,700
6205,"Vs",33374,701
23424,"CS厡",33356,702
7209,"ns",33355,703
4361,"jSj",33270,704
38215,"s",33250,705
21218,"{s",33092,706
3321,"gSg",33049,707
39211,"s",33009,708
31204,"`s",32985,709
16206,"s",32878,710
32205,"cs",32773,711
46223,"Bs",32745,712
3207,"vs",32645,713
47362,"KSd",32630,714
34210,"s",32629,715
14301,"OYStR",32623,716
11326,"ԌSјCR",32616,717
21221,"CÎs",32582,718
8233,"ss",32502,719
39210,"l\s",32460,720
1233,"ɒBs",32395,721
40212,"s",32359,722
46220,"삳܎s",32279,723
14341,"S钬",32265,724
11408,"嗢S񋏒",32237,725
13303,"S䒬",32161,726
33211,"Os",32068,727
4206,"Ύs",31968,728
26203,"s",31959,729
20210,"s",31892,730
22341,"xS",31837,731
5211,"s",31836,732
40383,"S_",31697,733
29363,"Sc{",31695,734
35211,"s",31664,735
27301,"OS{",31646,736
1214,"ts",31644,737
2204,"Ύs",31557,738
38204,"ls",31293,739
12223,"s",31277,740
8302,"S钬",31098,741
40342,"SI",31020,742
18205,"s",30969,743
9211,"s",30946,744
9301,"͓SO쒬",30886,745
19214,"s",30802,746
43203,"lgs",30734,747
22223,"Os",30706,748
37204,"Pʎs",30682,749
28381,"ÌS",30658,750
34304,"|SCc",30639,751
3211,"Ύs",30624,752
41210,"_s",30624,753
11385,"ʌS㗢",30554,754
26213,"Os",30499,755
38401,"ɗ\SO",30364,756
15217,"s",30345,757
40447,"qS}O",30233,758
35212,"s",30201,759
2209,"s",30185,760
2210,"s",30126,761
21220,"Cs",30118,762
7214,"{{s",29958,763
19213,"bBs",29925,764
6213,"zs",29848,765
46221,"uzus",29808,766
28301,"ӌS쒬",29570,767
20219,"s",29557,768
42308,"ދnSÒ",29544,769
5213,"kHcs",29339,770
22424,"YSgc",29286,771
40344,"S{",29270,772
19204,"ss",29168,773
42207,"ˎs",29162,774
9386,"JS",29074,775
47326,"SkJ",29056,776
22222,"ɓs",28872,777
45208,"ss",28867,778
28225,"s",28676,779
16209,"s",28602,780
6207,"Rs",28584,781
37207,"s",28498,782
5209,"ps",28473,783
42209,"Δns",28452,784
23441,"mSv䒬",28438,785
11465,"kS",28398,786
19207,"Bs",28356,787
18204,"ls",28317,788
11343,"S쒬",28244,789
40225,"͎s",28213,790
4421,"Sa",28179,791
29344,"S",28160,792
44341,"So",28115,793
29207,"ܞs",28039,794
28208,"s",27974,795
29212,"FɎs",27941,796
1337,"TcSђ",27934,797
14342,"S{",27925,798
41207,"s",27914,799
40382,"S",27810,800
15227,"ٓs",27718,801
33209,"s",27650,802
36207,"ns",27354,803
37341,"ؓcSOؒ",27310,804
44210,"nzs",27295,805
4208,"pcs",27262,806
33210,"Vs",27244,807
34214,"|cs",26979,808
30207,"V{s",26924,809
18208,"s",26900,810
8223,"s",26890,811
8214,"s",26866,812
21341,"{VS{V",26858,813
19430,"sSxm͌Β",26765,814
40226,"{s",26746,815
3322,"gSВ",26570,816
46219,"ؖs",26468,817
39205,"ys",26334,818
21361,"sjS䒬",26255,819
21302,"HS쒬",26243,820
30204,"Lcs",26214,821
44214,"s",26179,822
17365,"͖kS咬",26154,823
20212,"咬s",26085,824
34211,"|s",26064,825
33215,"s",26035,826
1221,"s",26020,827
45341,"kSOҒ",25992,828
24324,"ٌS",25934,829
1643,"Sʒ",25897,830
10525,"WySWy",25810,831
41346,"O{S݂₫",25752,832
42212,"Cs",25747,833
30366,"LcSLc쒬",25641,834
21215,"Rs",25545,835
39212,"s",25381,836
2412,"kS点",25284,837
6209,"s",25276,838
9364,"sSؒ",25164,839
3213,"ˎs",25138,840
36341,"SΈ䒬",25097,841
41209,"s",25090,842
3208,"s",25058,843
15209,"Ύs",25052,844
43212,"Vs",25015,845
42210,"s",24956,846
16323,"VSR",24920,847
8546,"S",24785,848
5206,"js",24784,849
43214,"hs",24751,850
20383,"ɓߌS֒",24662,851
9215,"ߐ{GRs",24601,852
9407,"ߐ{Sߐ{",24281,853
23361,"OHS",24234,854
40214,"LOs",24195,855
5215,"ks",24100,856
29208,"䏊s",24070,857
29425,"kS",24026,858
17204,"֓s",24021,859
3214,"s",23975,860
46224,"ɍs",23967,861
14384,"S͌",23899,862
34203,"|s",23586,863
4321,"ēcS͌",23578,864
36402,"Sk",23574,865
1223,"s",23546,866
36208,"ODs",23530,867
34307,"|SF쒬",23485,868
4505,"cS",23483,869
37387,"̌S쒬",23368,870
16342,"VSP",23136,871
5214,"ɂَs",23047,872
21404,"KSrc",22990,873
24442,"CSa",22910,874
1692,"WÌSWÒ",22729,875
43205,"s",22709,876
12410,"RSŌ",22697,877
29343,"SO",22540,878
21217,"ˎs",22527,879
47328,"S鑺",22409,880
10345,"kQnSg",22371,881
6208,"Rs",22232,882
19206,"匎s",22204,883
44209,"L㍂cs",22177,884
35213,"Is",22166,885
32207,"]Îs",22134,886
37404,"xSxÒ",22126,887
6381,"uS",22094,888
21403,"KS쒬",22056,889
30205,"Vs",22049,890
19212,"쌴s",22019,891
28222,"{s",21969,892
9342,"FSvq",21876,893
21303,"HS}",21828,894
18206,"Rs",21821,895
4445,"S",21774,896
41425,"nSΒ",21741,897
29424,"kSq",21612,898
40610,"cSq",21513,899
20321,"kvSy",21510,900
39386,"S̒",21504,901
34215,"]cs",21393,902
42208,"Ys",21369,903
25425,"mS",21332,904
8521,"S㒬",21224,905
23446,"mSl",21131,906
19384,"Sa",21101,907
1610,"SVЂ",21040,908
25383,"S쒬",20987,909
1219,"ʎs",20618,910
38402,"ɗ\Su",20510,911
30401,"KSl",20463,912
18423,"OSzO",20394,913
12322,"׌SX䒬",20339,914
7461,"͌S",20317,915
39206,"{s",20268,916
1229,"xǖs",20223,917
26465,"^ӌS^Ӗ쒬",20199,918
17207,"Hs",20166,919
22219,"cs",20099,920
47348,"KS^ߌ",20003,921
12329,"׌Sh",19933,922
6428,"cS",19897,923
44208,"|cs",19890,924
45401,"S璬",19729,925
46204,"s",19715,926
11341,"S쒬",19711,927
20213,"юRs",19705,928
38506,"FaS쒬",19575,929
21401,"KSK쒬",19536,930
46392,"FSܒ",19534,931
1215,"Ss",19500,932
21207,"Zs",19494,933
28365,"S",19463,934
40544,"SL쒬",19366,935
1212,"Gs",19234,936
16322,"VSs",19228,937
11346,"S쓇",19188,938
39208,"hюs",19178,939
1228,"[s",19161,940
40384,"S꒬",19109,941
20361,"zKSzK",19108,942
41401,"YSLc",19051,943
7447,"SÔ",18944,944
46206,"vs",18914,945
1661,"HSH",18879,946
17384,"HSu꒬",18747,947
28443,"_S蒬",18746,948
21421,"{Sk",18695,949
45382,"Sx",18695,950
20382,"ɓߌSC쒬",18611,951
21381,"S_˒",18577,952
14366,"SJ",18566,953
27321,"L\SL\",18526,954
1555,"ʌSy",18511,955
37386,"̌SFÒ",18446,956
29342,"SQ",18434,957
40625,"sS݂₱",18384,958
8310,"S闢",18379,959
41204,"vs",18285,960
5434,"kS",18189,961
1543,"ԑSy",18171,962
11347,"Sg",18117,963
45209,"т̎s",18050,964
18322,"gcSi",18037,965
1637,"͐S莺",18029,966
4404,"{Sl",18014,967
3210,"Ocs",17970,968
47327,"Sk鑺",17936,969
21521,"S䐓",17775,970
22344,"xSR",17611,971
42411,"쏼YSVܓ",17611,972
37406,"xS܂̂",17610,973
10449,"S݂Ȃݒ",17602,974
11342,"SR",17596,975
1408,"]sS]s",17561,976
41341,"O{SR",17545,977
34369,"RSkL",17471,978
22461,"qSX",17431,979
45421,"PnS쒬",17385,980
14362,"S䒬",17363,981
6321,"RS͖k",17322,982
40647,"zSz㒬",17309,983
1220,"mʎs",17283,984
24211,"Hs",17215,985
17407,"S\o",17119,986
29427,"kS͍",17065,987
43441,"vSD",17051,988
45207,"Ԏs",16990,989
2445,"OˌS암",16965,990
7466,"͌S",16960,991
45402,"SVx",16888,992
26205,"{Îs",16721,993
27341,"kS",16675,994
2408,"kSk",16625,995
26303,"PSR蒬",16524,996
31370,"Sl",16515,997
7521,"cSOt",16489,998
29442,"gS嗄",16438,999
31371,"SՉY",16435,1000
13305,"S̏o",16409,1001
23445,"mSm",16322,1002
24209,"hs",16319,1003
39203,"|s",16235,1004
41327,"_Sg샖",16228,1005
20323,"kvSc",16221,1006
31329,"S",16113,1007
12218,"Ys",16097,1008
2442,"OˌS܌˒",16088,1009
40503,"OS品",16038,1010
28585,"S",16024,1011
20385,"ɓߌS얥֑",16010,1012
8309,"S",15932,1013
23342,"tSLR",15929,1014
30341,"ɓsS炬",15915,1015
1226,"s",15909,1016
44207,"Ëvs",15868,1017
39412,"Sl\",15761,1018
24212,"Fs",15738,1019
43482,"kSk",15724,1020
1578,"VSV",15721,1021
30404,"KSxc",15709,1022
1400,"cSm",15636,1023
17463,"PS\o",15636,1024
40605,"cS蒬",15606,1025
7547,"otSQ]",15590,1026
3301,"SΒ",15559,1027
9345,"FSF꒬",15549,1028
24344,"OdSz",15535,1029
43368,"ʖSF",15506,1030
26322,"vSvR",15505,1031
28501,"pSp",15499,1032
8364,"vSq",15444,1033
3507,"ˌSm쒬",15421,1034
8564,"knS",15409,1035
38422,"쑽Sq",15406,1036
1303,"ΎSʒ",15329,1037
31386,"SR",15320,1038
3381,"_SP蒬",15239,1039
40402,"ƎSƎ蒬",15172,1040
34462,"S",15167,1041
24461,"xSʏ钬",15162,1042
45405,"S쒬",15095,1043
1346,"CS_",15050,1044
5348,"R{SO풬",15020,1045
27382,"͓S͓쒬",14995,1046
19346,"SsO",14976,1047
10421,"ȌSV",14938,1048
4501,"cSOJ",14930,1049
9411,"ߐ{S߉ϐ쒬",14865,1050
27366,"S",14793,1051
7421,"͏SÍ≺",14777,1052
36401,"SΒ",14723,1053
30428,"KS{",14715,1054
2402,"kS˒",14631,1055
12403,"RS\㗢",14625,1056
10344,"kQnSY",14610,1057
8442,"~SY",14605,1058
2361,"ÌyS蒬",14578,1059
43514,"S蒬",14554,1060
35343,"FьScz{",14550,1061
21383,"S",14512,1062
31372,"Skh",14508,1063
3482,"ɌSRc",14486,1064
24543,"kKSIk",14479,1065
6212,"ԑs",14433,1066
46213,"V\s",14417,1067
44462,"S쒬",14384,1068
1691,"tSʊC",14372,1069
35305,"哇Sh哇",14346,1070
19368,"싐Sxm쒬",14340,1071
42323,"ދnSg",14283,1072
20521,"ȌS钬",14254,1073
46492,"̑S̕t",14241,1074
20362,"zKSxm",14226,1075
7368,"ÌSÒ",14176,1076
1345,"SX",14155,1077
15307,"kSĒ",14129,1078
7501,"ΐSΐ쒬",14122,1079
42391,"kYSX",14103,1080
28481,"ԕSS",14090,1081
30421,"KSߒqY",14036,1082
24441,"CSC",14000,1083
6382,"uS쐼",13971,1084
40522,"OkSؒ",13897,1085
10521,"WySq",13880,1086
18501,"O㒆Sዷ",13870,1087
12347,"SÒ",13813,1088
12423,"S",13738,1089
6301,"RSRӒ",13685,1090
5463,"YSH㒬",13642,1091
36489,"ODS݂悵",13628,1092
46214,"s",13624,1093
43447,"vSRs",13623,1094
37324,"S",13616,1095
32528,"BSB̓",13551,1096
33461,"cS|",13438,1097
33346,"aCSaC",13423,1098
28586,"SV",13416,1099
42322,"ދnSI",13400,1100
4401,"{S",13321,1101
7481,"SIq",13277,1102
33666,"vČS璬",13222,1103
11348,"SR",13158,1104
47325,"SÎ[",13154,1105
7408,"떃Sc㒬",13145,1106
40381,"S",13145,1107
12349,"S",13125,1108
11383,"ʌS_쒬",13122,1109
40421,"ÕSj쒬",13043,1110
36404,"S쒬",13039,1111
26407,"DSOg",13005,1112
47308,"S{",13002,1113
37322,"Sy",13000,1114
27381,"͓Sq",12959,1115
17205,"Fs",12948,1116
20403,"ɓߌSX",12918,1117
2446,"OˌSK㒬",12909,1118
34309,"|S⒬",12839,1119
6461,"OCSV",12796,1120
6402,"uS钬",12758,1121
20402,"ɓߌS쒬",12742,1122
2381,"kÌyS",12714,1123
10429,"ȌSȒ",12661,1124
33423,"sES",12648,1125
10384,"ÊySÊy",12601,1126
7342,"␣SΒ",12531,1127
33606,"ϓcS쒬",12468,1128
46468,"]S蒬",12398,1129
2401,"kSӒn",12341,1130
12421,"S{",12304,1131
39209,"ys",12271,1132
17386,"HSBu",12257,1133
39402,"S쒬",12238,1134
4341,"ɋSېX",12192,1135
3303,"S蒬",12133,1136
39202,"ˎs",12015,1137
2384,"kÌySߓc",11988,1138
30391,"S݂Ȃג",11988,1139
4606,"{gSO",11979,1140
9343,"FSΖؒ",11977,1141
1216,"ʎs",11976,1142
7308,"ɒBS얓",11958,1143
7543,"otSx",11736,1144
4362,"jSR",11726,1145
46505,"FьSv",11724,1146
1607,"Y͌SY͒",11694,1147
32343,"mSo_",11630,1148
25384,"S",11543,1149
20561,"SRm",11499,1150
36405,"S",11474,1151
47314,"S",11451,1152
22301,"ΌSɓ",11414,1153
9344,"FSsL",11397,1154
1402,"S",11343,1155
45441,"PnS䒬",11327,1156
1601,"S",11315,1157
47311,"S[",11298,1158
4301,"cS",11264,1159
3524,"ˌS˒",11233,1160
7301,"ɒBSKܒ",11229,1161
24472,"xSɐ",11221,1162
43468,"SX쒬",11179,1163
30361,"LcS",11172,1164
35344,"FьS",11144,1165
28442,"_Ss쒬",11119,1166
1429,"[SIR",11107,1167
24343,"OdS",11106,1168
11327,"ԌSz",11074,1169
33445,"S",11040,1170
15361,"슗Sc㒬",11023,1171
10523,"WySc",11021,1172
31302,"S",11000,1173
20541,"㍂Sz{",10992,1174
16343,"VS",10974,1175
3461,"ɌSƒ",10928,1176
11381,"ʌS",10916,1177
33622,"cS",10911,1178
1545,"ΗSΗ",10888,1179
10522,"WySa",10875,1180
14382,"S",10845,1181
2405,"kSZ˒",10836,1182
6302,"RSR",10722,1183
12424,"Sq",10721,1184
28446,"_S_͒",10661,1185
11365,"S쒬",10622,1186
14363,"Sc",10616,1187
11349,"SƂ풬",10589,1188
20590,"㐅Sэj",10534,1189
33681,"Sg",10507,1190
20309,"썲vSv䒬",10488,1191
24562,"어KSI",10436,1192
31390,"S˒",10420,1193
39428,"S",10411,1194
19365,"싐Sg",10391,1195
40601,"cSt",10370,1196
31389,"S암",10348,1197
9384,"JSJ",10322,1198
46530,"哇SV",10290,1199
43501,"Sђ",10282,1200
21505,"ΌSSÒ",10274,1201
43444,"vSb",10273,1202
45406,"Ss_",10262,1203
4322,"ēcSc",10241,1204
20432,"ؑ]Sؑ]",10219,1205
2301,"ÌyS",10187,1206
1428,"[S",10158,1207
43433,"hS숢h",10155,1208
1460,"mSxǖ쒬",10110,1209
43442,"vSÓ",10072,1210
7545,"otSF",10002,1211
2387,"kÌyS",10000,1212
21503,"ΌSӒ",9962,1213
32449,"WqSW쒬",9961,1214
1453,"S_y",9945,1215
2411,"kSZ",9886,1216
18481,"ьSl",9848,1217
18404,"SzO",9825,1218
46404,"oS",9809,1219
19424,"sSE쑺",9799,1220
41345,"O{S",9789,1221
15385,"S꒬",9779,1222
41424,"nS]k",9609,1223
20482,"k܌S쑺",9605,1224
14364,"SRk",9577,1225
1459,"Sl",9573,1226
38488,"kFaSSk",9563,1227
20481,"k܌Src",9381,1228
47306,"SAm",9364,1229
30392,"S쒬",9360,1230
21382,"S֔V",9326,1231
40348,"SvR",9324,1232
7522,"cS쒬",9313,1233
43369,"ʖSa",9303,1234
27322,"L\S\",9267,1235
11362,"SF쒬",9236,1236
10425,"ȌSڗ",9174,1237
2441,"OˌSO˒",9172,1238
20384,"ɓߌSѓ",9078,1239
14361,"S䒬",9068,1240
43348,"vS",9062,1241
1636,"S",9047,1242
1218,"ԕs",9008,1243
18442,"OSl",9002,1244
43367,"ʖS֒",9001,1245
2321,"ÌyS˃",8981,1246
26344,"ԊSFc",8893,1247
15482,"SÓ쒬",8865,1248
45361,"S",8838,1249
20388,"ɓߌS{c",8837,1250
40602,"cSYc",8828,1251
43505,"Sǖؒ",8828,1252
20485,"k܌Sn",8782,1253
7322,"BSʑ",8762,1254
44461,"Sd",8729,1255
46452,"ǌSN",8700,1256
2362,"ÌySk",8688,1257
36388,"CSCz",8645,1258
1458,"S쒬",8601,1259
24443,"CS䒬",8595,1260
1662,"݌Sݒ",8589,1261
20450,"}SR`",8538,1262
40604,"cSc",8527,1263
27362,"ScK",8498,1264
46525,"哇S˓",8442,1265
37403,"xSՕ",8434,1266
7303,"ɒBS",8400,1267
38442,"FaSɕ",8395,1268
5361,"HcS܏ڒ",8369,1269
12441,"΋S命쒬",8365,1270
3501,"ˌSyĒ",8312,1271
3483,"ɌS",8310,1272
4324,"ēcS蒬",8286,1273
41441,"ÌSǒ",8256,1274
34545,"_ΌS_΍",8249,1275
29361,"S쐼",8217,1276
7483,"S",8195,1277
1584,"cSΒ",8147,1278
8447,"~S͓",8140,1279
8542,"S܉",8112,1280
30304,"CSI쒬",8098,1281
1559,"ʌSNʒ",8096,1282
24561,"어KSl",8086,1283
21501,"ΌSj",8084,1284
20363,"zKS",8063,1285
15461,"싛S",7971,1286
30382,"S",7959,1287
30390,"S쒬",7915,1288
18483,"ьS",7906,1289
36468,"nS邬",7893,1290
11361,"S",7835,1291
20583,"㐅SMZ",7828,1292
24470,"xSx",7806,1293
6362,"ŏSŏ㒬",7797,1294
4422,"S勽",7728,1295
22304,"ΌSɓ",7726,1296
1222,"O}s",7722,1297
7561,"nSVn",7716,1298
15342,"SF",7694,1299
24471,"xSI",7633,1300
17461,"PS",7574,1301
42321,"ދnSދn",7556,1302
1423,"mSy",7546,1303
36368,"߉S߉꒬",7490,1304
46501,"FьSq",7489,1305
1586,"ESނ풬",7488,1306
1514,"}KS}K",7467,1307
25443,"S꒬",7466,1308
12427,"S쒬",7433,1309
6324,"RS]",7429,1310
21506,"ΌS쒬",7421,1311
38386,"㕂Sv",7420,1312
2367,"ÌyScɊّ",7419,1313
47361,"KSvē",7413,1314
40646,"zSђ",7391,1315
1585,"ES",7314,1316
2323,"ÌyS[Y",7280,1317
1668,"fSf",7234,1318
25441,"SL",7208,1319
6426,"cSO쒬",7195,1320
1664,"SW",7179,1321
13361,"哇",7150,1322
1371,"vSȒ",7147,1323
40401,"ƎS|",7119,1324
12443,"΋Sh",7114,1325
29345,"Sg",7100,1326
22306,"ΌSɓ",7098,1327
19366,"싐S암",7079,1328
13401,"䒬",7053,1329
45383,"S",7043,1330
34431,"LcS㓇",7022,1331
3402,"ֈS",7010,1332
26343,"ԊS蒬",7009,1333
10448,"Sa",7007,1334
12463,"[S쒬",6990,1335
1361,"wRS]",6971,1336
6401,"uS",6938,1337
43432,"hS",6926,1338
12409,"RSŎR",6905,1339
6364,"ŏS^쒬",6884,1340
14383,"S^ߒ",6880,1341
20324,"kvSȒ",6843,1342
32501,"SØa쒬",6784,1343
1564,"ԑS",6771,1344
12422,"Sr",6746,1345
1209,"[s",6729,1346
22302,"ΌS͒Ò",6728,1347
1665,"Sq",6699,1348
1452,"S鐲",6666,1349
30362,"LcSL쒬",6661,1350
11363,"SҒ",6660,1351
20543,"㍂SR",6649,1352
40642,"zSgx",6649,1353
7542,"otSt",6648,1354
46490,"̑Sэ]",6640,1355
43424,"hS",6634,1356
30381,"Sl",6625,1357
20416,"ɓߌSLu",6603,1358
29362,"SO",6601,1359
25442,"Sbǒ",6595,1360
43531,"VSk",6571,1361
46529,"哇SE",6565,1362
10382,"ÊySmc",6549,1363
6403,"uSіL",6530,1364
46482,"̑Sǒ",6510,1365
5349,"R{S",6473,1366
21362,"sjSփP",6466,1367
12426,"S",6444,1368
31328,"Sq",6420,1369
4444,"SF",6401,1370
1432,"ˌSV\Ð쒬",6389,1371
1646,"S{ʒ",6375,1372
46491,"̑S",6364,1373
1484,"ϑOSHy",6361,1374
46532,"哇Sɐ咬",6361,1375
1647,"S",6350,1376
6341,"kRSΓc",6322,1377
7502,"ΐSʐ쑺",6312,1378
29401,"sS撬",6306,1379
47313,"SX",6303,1380
46533,"哇Sa",6296,1381
38356,"zqS㓇",6283,1382
29441,"gSg쒬",6251,1383
1331,"OSO",6231,1384
1642,"LSL",6229,1385
7464,"͌S葺",6205,1386
6323,"RS",6199,1387
1454,"S",6174,1388
1644,"Src",6159,1389
17324,"\Sk",6157,1390
41423,"nS咬",6136,1391
39401,"Sy",6106,1392
10426,"ȌSÒ",6082,1393
22429,"YS썪{",6078,1394
36387,"CSg",6071,1395
31364,"SO",6057,1396
43428,"hSX",6057,1397
20407,"ɓߌSq",6055,1398
20415,"ɓߌSؑ",6040,1399
46527,"哇S",6017,1400
24303,"KSؑ]",5994,1401
7504,"ΐS쒬",5984,1402
4581,"S쒬",5982,1403
35321,"όSaؒ",5974,1404
22305,"ΌS蒬",5971,1405
2424,"kSʑ",5923,1406
1632,"͓Smy",5883,1407
32505,"Sg꒬",5814,1408
33623,"cSދ`",5765,1409
12342,"S_蒬",5761,1410
21502,"ΌSx",5760,1411
19425,"sSRΑ",5751,1412
20350,"Sa",5738,1413
34368,"RS|c",5700,1414
7405,"떃SÒ",5694,1415
4424,"St",5650,1416
46534,"哇Sm",5634,1417
7503,"ΐSc",5625,1418
3302,"S",5607,1419
46531,"哇SV钬",5597,1420
1635,"SV",5581,1421
7546,"otSot",5539,1422
1401,"Sa",5508,1423
39411,"SÖ쒬",5456,1424
1641,"LS",5439,1425
1663,"݌Sl",5411,1426
5363,"HcSY",5376,1427
3506,"ˌSˑ",5365,1428
46502,"FьSq",5363,1429
2307,"ÌySOl",5358,1430
7482,"SՒ",5352,1431
10424,"ȌS쌴",5326,1432
7344,"␣SVh",5304,1433
29402,"sS",5288,1434
30383,"SRǒ",5282,1435
43364,"ʖSʓ",5241,1436
1604,"VSV",5187,1437
40608,"cSC",5147,1438
1634,"͓Sǒ",5144,1439
41387,"YSC",5130,1440
7362,"ÌS",5123,1441
1395,"cSjZR",5088,1442
39403,"Szm",5087,1443
46535,"哇S^_",5078,1444
3366,"aSa꒬",5022,1445
15581,"DS֐쑺",4996,1446
2443,"OˌScq",4986,1447
6361,"ŏSR",4981,1448
1424,"mSވ]",4966,1449
1693,"WÌSWÒ",4952,1450
45404,"S؏钬",4908,1451
3441,"CSZc",4906,1452
27383,"͓S瑁ԍ㑺",4893,1453
1633,"͓Smy",4890,1454
6363,"ŏSM`",4887,1455
1347,"RzS",4880,1456
2423,"kSԒ",4870,1457
7465,"͌S",4860,1458
39410,"S",4858,1459
36342,"S_R",4846,1460
45431,"PnS",4839,1461
36301,"YSY",4825,1462
7564,"nSъڑ",4824,1463
39387,"Sm쒬",4795,1464
1427,"[SRm",4783,1465
1370,"IS",4775,1466
6322,"RS쒬",4775,1467
7505,"ΐSÓa",4774,1468
1552,"CSCԒ",4767,1469
13308,"S",4746,1470
29443,"gSs",4746,1471
20386,"ɓߌS쑺",4712,1472
5303,"pS⒬",4688,1473
1461,"mSxǖ쒬",4686,1474
7541,"otSL쒬",4672,1475
23427,"CS򓇑",4657,1476
1549,"CSPq{",4636,1477
1602,"S撬",4594,1478
39424,"S匎",4582,1479
32386,"ѐΌSѓ쒬",4560,1480
47301,"S",4504,1481
1547,"ΗS",4501,1482
33663,"vČSvē쒬",4498,1483
1394,"JSz",4493,1484
1694,"ڗSP",4488,1485
20562,"Sؓ",4438,1486
5366,"HcS쒬",4386,1487
1581,"ES^",4381,1488
47315,"Sɍ]",4366,1489
1362,"wRSm",4362,1490
20451,"}S",4359,1491
15504,"HSH",4351,1492
23561,"k݊yS݊y",4342,1493
20303,"썲vSC",4329,1494
43484,"kSÓޖؒ",4324,1495
1609,"yS",4320,1496
1649,"\SYy",4302,1497
47381,"dRS|x",4288,1498
2406,"kSl",4286,1499
20349,"Sؑ",4244,1500
32448,"WqS",4222,1501
1544,"ԑSÕʒ",4211,1502
20404,"ɓߌS쒬",4210,1503
20452,"}S}k",4175,1504
31401,"S쒬",4144,1505
1563,"ʌSY",4130,1506
15405,"OSo_蒬",4119,1507
43510,"SǑ",4095,1508
10443,"SЕi",4088,1509
19423,"sSj",4084,1510
6367,"ŏSˑ",4071,1511
20422,"ؑ]S㏼",4071,1512
3503,"ˌSc",4027,1513
1333,"Sm",3983,1514
1608,"lSl",3983,1515
7367,"ÌS",3961,1516
1638,"͐SD",3902,1517
1469,"S[",3890,1518
20423,"ؑ]Sؑ]",3876,1519
6366,"ŏS쑺",3871,1520
1481,"ьSђ",3853,1521
43423,"hS쏬",3850,1522
30343,"ɓsSxR",3840,1523
20304,"썲vS㑺",3806,1524
1546,"ΗS",3803,1525
1334,"S،Ó",3728,1526
1516,"VSLx",3702,1527
36383,"CS",3693,1528
38484,"kFaS쒬",3661,1529
30406,"KSݒ",3659,1530
1343,"S",3649,1531
1571,"cSLY",3627,1532
39363,"ySy",3625,1533
39307,"|S|",3621,1534
43506,"SO",3608,1535
26365,"ySa",3600,1536
31384,"SgÑ",3599,1537
1561,"ʌS",3595,1538
45442,"PnSVe",3592,1539
1332,"OS",3571,1540
20411,"ɓߌS",3551,1541
1455,"Sz",3505,1542
45443,"PnS܃",3503,1543
1363,"wRS򕔒",3500,1544
20563,"S򉷐",3441,1545
20430,"ؑ]SK",3396,1546
21504,"ΌS@",3373,1547
1512,"}KSlڕʒ",3351,1548
1364,"uS",3331,1549
10428,"ȌSR",3331,1550
39341,"S{R",3299,1551
7407,"떃S֒",3289,1552
43512,"SR]",3276,1553
16321,"VSM",3271,1554
39405,"S",3236,1555
29322,"RӌSRY",3228,1556
39344,"SL",3223,1557
1457,"S쒬",3202,1558
1639,"͐SXʑ",3158,1559
1407,"]sSmؒ",3128,1560
19429,"sS",3121,1561
10444,"Sꑺ",3105,1562
32441,"WqS{",3078,1563
7422,"͏S쑺",3073,1564
35502,"S",3072,1565
3484,"ɌSc씨",3061,1566
47302,"SX",3044,1567
7423,"͏SÒ",3042,1568
20305,"썲vSq",3035,1569
7484,"SL쑺",3033,1570
1468,"S쒬",3027,1571
5368,"HcS劃",3010,1572
1464,"Sa",3006,1573
39302,"|Sޔ",3003,1574
1645,"SL",2977,1575
29449,"gS\Ð쑺",2960,1576
43513,"S",2958,1577
40609,"cSԑ",2953,1578
37364,"S",2949,1579
6365,"ŏS呠",2939,1580
1438,"JSc",2900,1581
5346,"R{S",2899,1582
30422,"KSn",2891,1583
1465,"S",2888,1584
1430,"ˌS`",2864,1585
31402,"S쒬",2859,1586
1304,"ΎSVÑ",2853,1587
23562,"k݊ySh",2850,1588
1399,"cSɒ",2844,1589
31325,"S",2841,1590
1483,"ϑOSϑO",2839,1591
1482,"GS",2838,1592
1487,"VSV",2814,1593
14402,"bS쑺",2812,1594
1227,"̎us",2790,1595
1392,"sSs",2738,1596
30344,"ɓsS쒬",2732,1597
20486,"k܌SJ",2725,1598
1406,"ÕSÕ",2720,1599
1433,"JSw",2691,1600
1550,"CSu˒",2671,1601
1511,"@JS",2637,1602
20425,"ؑ]Sؑc",2637,1603
31403,"S]{",2617,1604
1393,"sS",2612,1605
32526,"BSm",2606,1606
45430,"PnSŗt",2586,1607
2304,"ÌySHc",2581,1608
13421,"}",2581,1609
1425,"mS㍻쒬",2578,1610
1456,"Sʒ",2569,1611
11369,"S",2548,1612
20446,"}Sё",2536,1613
39303,"|Sc쒬",2524,1614
26367,"ySR鑺",2505,1615
13363,"V",2495,1616
1667,"Sߋ",2485,1617
7402,"떃Sk",2478,1618
30424,"KSÍ쒬",2446,1619
3485,"ɌS㑺",2441,1620
1486,"VSʒ",2423,1621
39304,"|Sc",2413,1622
5464,"YS",2392,1623
35341,"FьS֒",2390,1624
7544,"otS",2366,1625
1560,"ʌS㒬",2363,1626
1575,"LSs˒",2362,1627
1367,"KSK",2346,1628
1462,"mSxǖ쒬",2341,1629
18382,"Src",2327,1630
1517,"當S當",2314,1631
20588,"㐅S쑺",2314,1632
2303,"ÌySʒ",2311,1633
13381,"O",2301,1634
1434,"JSʒ",2297,1635
1519,"KSKxm",2259,1636
42383,"kYSl꒬",2239,1637
32525,"BSCm",2238,1638
1648,"Sʒ",2217,1639
2450,"OˌSV",2211,1640
1520,"VSy",2196,1641
39301,"|Sm",2183,1642
36321,"S߉͓",2170,1643
1436,"JSJ",2154,1644
21507,"ΌS쑺",2109,1645
13307,"Sw",2038,1646
43507,"S㑺",2035,1647
5327,"kHcS㏬m",2029,1648
1398,"cSΕʒ",1988,1649
26463,"^ӌSɍ",1951,1650
1396,"cS^둺",1937,1651
40448,"qS",1912,1652
1518,"KSK",1894,1653
1397,"cSs",1886,1654
1405,"ϒOSϒO",1824,1655
13364,"_Ó",1813,1656
44322,"SP",1812,1657
7445,"SR",1801,1658
47303,"S",1752,1659
2426,"kS䑺",1734,1660
47382,"dRS^ߍ",1725,1661
20448,"}S⑺",1698,1662
2425,"kSԉY",1690,1663
1437,"JSk",1674,1664
46524,"哇SF",1653,1665
1431,"ˌSYP",1651,1666
20602,"Sh",1642,1667
10367,"S_",1641,1668
29453,"gSg쑺",1585,1669
10383,"ÊySq",1578,1670
1513,"}KSڕʒ",1570,1671
19422,"sSu",1557,1672
20414,"ɓߌSו",1531,1673
21604,"S쑺",1513,1674
45429,"PnSˑ",1499,1675
1403,"ÉFS",1498,1676
29386,"FɌS",1458,1677
39427,"SO",1435,1678
36302,"YS㏟",1427,1679
7444,"SO",1414,1680
46523,"哇Sa",1414,1681
43425,"hSYR",1411,1682
1463,"ES芥",1394,1683
33643,"pcSq",1368,1684
1471,"S쒬",1336,1685
29385,"FɌS]",1321,1686
1391,"qSq",1312,1687
1472,"JSy",1308,1688
47360,"KSɐ",1308,1689
7548,"otS",1307,1690
2343,"ÌySډ",1272,1691
29446,"gSV쑺",1265,1692
29452,"gS㑺",1262,1693
4302,"cSh",1258,1694
39305,"|Sk쑺",1213,1695
47359,"KSɕ",1213,1696
47357,"KS哌",1210,1697
26364,"yS}u",1159,1698
7446,"Sa",1142,1699
20413,"ɓߌSV",1130,1700
1409,"]sSԈ쑺",1106,1701
47375,"{ÌSǊԑ",1085,1702
1485,"ϑOSRʑ",1081,1703
10366,"S쑺",1075,1704
45403,"SėǑ",1073,1705
1562,"ʌS",1030,1706
23563,"k݊ySL",987,1707
43511,"Sܖؑ",974,1708
20306,"썲vS쑊ؑ",966,1709
19364,"싐S쒬",929,1710
20417,"ɓߌS厭",926,1711
47354,"KSԖ",895,1712
20410,"ɓߌSH",865,1713
33586,"^SV",847,1714
39306,"|SnH",827,1715
29450,"gSkR",815,1716
1404,"ÉFS_b",782,1717
47353,"KSnÕ~",695,1718
20429,"ؑ]Sꑺ",682,1719
20307,"썲vSkؑ",680,1720
1470,"SЎq{",668,1721
47355,"KS",666,1722
19442,"ksS",657,1723
46304,"S\",657,1724
29444,"gSꑺ",627,1725
32527,"BSmv",615,1726
47358,"KSk哌",542,1727
19443,"ksSOgR",535,1728
7364,"ÌSw}",521,1729
20412,"ɓߌSؑ",495,1730
29451,"gSkR",454,1731
30427,"KSkR",404,1732
20409,"ɓߌSJ",386,1733
46303,"SO",369,1734
39364,"yS쑺",361,1735
29447,"gS씗쑺",336,1736
15586,"DSY",329,1737
13362,"",317,1738
47356,"KSn쑺",317,1739
13382,"䑠",292,1740
13402,"",168,1741
